{
  "Template": {
    "MaxTemplate": {
      "Height": 251.92,
      "Width": 232.96
    },
    "PersonalizedObjects": [
      {
        "PersonalizedObject": {
          "ObjectType": "IMG",
          "ObjectContent": {
            "Text": "David",
            "Font": "Arial",
            "FontColor": "050505",
            "FontSize": 24,
            "imageURL": "https://assets.pcna.com/image/upload/v1672267558/POD/MicrosoftTeams-image%20%2838%29.png"
          },
          "ObjectLocation": {
            "ObjectHeight": "101",
            "ObjectWidth": "232.96",
            "ObjectXOffset": "0",
            "ObjectYOffset": "60"
          }
        }
      },
      {
        "PersonalizedObject": {
          "ObjectType": "Text",
          "ObjectContent": {
            "Text": "david",
            "Font": "Arial",
            "FontColor": "000000",
            "FontSize": 55,
            "imageURL": "https://printify.com/wp-content/uploads/2021/03/swagrabbit_logo.png"
          },
          "ObjectLocation": {
            "ObjectHeight": 50,
            "ObjectWidth": 60,
            "ObjectXOffset": "75",
            "ObjectYOffset": "25"
          }
        }
      }
    ]
  }
}